,cohort,week,week_number,cohort_total,active_subs,active_percent
0,2016-12-26,2016-12-26,1,9,9,1.0
1,2016-12-26,2017-01-02,2,9,9,1.0
2,2016-12-26,2017-01-09,3,9,9,1.0
3,2016-12-26,2017-01-16,4,9,8,0.89
4,2016-12-26,2017-01-23,5,9,5,0.56
5,2016-12-26,2017-01-30,6,9,5,0.56
6,2016-12-26,2017-02-06,7,9,4,0.44
7,2016-12-26,2017-02-13,8,9,4,0.44
8,2016-12-26,2017-02-20,9,9,4,0.44
9,2016-12-26,2017-02-27,10,9,4,0.44
10,2016-12-26,2017-03-06,11,9,4,0.44
11,2016-12-26,2017-03-13,12,9,4,0.44
12,2016-12-26,2017-03-20,13,9,4,0.44
13,2016-12-26,2017-03-27,14,9,4,0.44
14,2016-12-26,2017-04-03,15,9,4,0.44
15,2016-12-26,2017-04-10,16,9,4,0.44
16,2016-12-26,2017-04-17,17,9,4,0.44
17,2016-12-26,2017-04-24,18,9,3,0.33
18,2016-12-26,2017-05-01,19,9,3,0.33
19,2016-12-26,2017-05-08,20,9,3,0.33
20,2016-12-26,2017-05-15,21,9,2,0.22
21,2016-12-26,2017-05-22,22,9,2,0.22
22,2016-12-26,2017-05-29,23,9,2,0.22
23,2016-12-26,2017-06-05,24,9,2,0.22
24,2016-12-26,2017-06-12,25,9,2,0.22
25,2016-12-26,2017-06-19,26,9,2,0.22
26,2016-12-26,2017-06-26,27,9,2,0.22
27,2016-12-26,2017-07-03,28,9,2,0.22
28,2016-12-26,2017-07-10,29,9,2,0.22
29,2016-12-26,2017-07-17,30,9,2,0.22
30,2016-12-26,2017-07-24,31,9,2,0.22
31,2016-12-26,2017-07-31,32,9,2,0.22
32,2016-12-26,2017-08-07,33,9,2,0.22
33,2016-12-26,2017-08-14,34,9,2,0.22
34,2016-12-26,2017-08-21,35,9,2,0.22
35,2016-12-26,2017-08-28,36,9,2,0.22
36,2016-12-26,2017-09-04,37,9,1,0.11
37,2016-12-26,2017-09-11,38,9,1,0.11
38,2016-12-26,2017-09-18,39,9,1,0.11
39,2016-12-26,2017-09-25,40,9,1,0.11
40,2016-12-26,2017-10-02,41,9,1,0.11
41,2016-12-26,2017-10-09,42,9,1,0.11
42,2016-12-26,2017-10-16,43,9,1,0.11
43,2016-12-26,2017-10-23,44,9,1,0.11
44,2016-12-26,2017-10-30,45,9,1,0.11
45,2016-12-26,2017-11-06,46,9,1,0.11
46,2016-12-26,2017-11-13,47,9,1,0.11
47,2016-12-26,2017-11-20,48,9,1,0.11
48,2016-12-26,2017-11-27,49,9,1,0.11
49,2016-12-26,2017-12-04,50,9,1,0.11
50,2017-01-02,2017-01-02,1,118,113,0.96
51,2017-01-02,2017-01-09,2,118,103,0.87
52,2017-01-02,2017-01-16,3,118,82,0.69
53,2017-01-02,2017-01-23,4,118,70,0.59
54,2017-01-02,2017-01-30,5,118,62,0.53
55,2017-01-02,2017-02-06,6,118,58,0.49
56,2017-01-02,2017-02-13,7,118,55,0.47
57,2017-01-02,2017-02-20,8,118,51,0.43
58,2017-01-02,2017-02-27,9,118,47,0.4
59,2017-01-02,2017-03-06,10,118,42,0.36
60,2017-01-02,2017-03-13,11,118,38,0.32
61,2017-01-02,2017-03-20,12,118,35,0.3
62,2017-01-02,2017-03-27,13,118,34,0.29
63,2017-01-02,2017-04-03,14,118,33,0.28
64,2017-01-02,2017-04-10,15,118,34,0.29
65,2017-01-02,2017-04-17,16,118,29,0.25
66,2017-01-02,2017-04-24,17,118,29,0.25
67,2017-01-02,2017-05-01,18,118,30,0.25
68,2017-01-02,2017-05-08,19,118,27,0.23
69,2017-01-02,2017-05-15,20,118,26,0.22
70,2017-01-02,2017-05-22,21,118,25,0.21
71,2017-01-02,2017-05-29,22,118,24,0.2
72,2017-01-02,2017-06-05,23,118,25,0.21
73,2017-01-02,2017-06-12,24,118,25,0.21
74,2017-01-02,2017-06-19,25,118,22,0.19
75,2017-01-02,2017-06-26,26,118,17,0.14
76,2017-01-02,2017-07-03,27,118,16,0.14
77,2017-01-02,2017-07-10,28,118,18,0.15
78,2017-01-02,2017-07-17,29,118,18,0.15
79,2017-01-02,2017-07-24,30,118,17,0.14
80,2017-01-02,2017-07-31,31,118,17,0.14
81,2017-01-02,2017-08-07,32,118,17,0.14
82,2017-01-02,2017-08-14,33,118,16,0.14
83,2017-01-02,2017-08-21,34,118,16,0.14
84,2017-01-02,2017-08-28,35,118,14,0.12
85,2017-01-02,2017-09-04,36,118,15,0.13
86,2017-01-02,2017-09-11,37,118,14,0.12
87,2017-01-02,2017-09-18,38,118,12,0.1
88,2017-01-02,2017-09-25,39,118,12,0.1
89,2017-01-02,2017-10-02,40,118,12,0.1
90,2017-01-02,2017-10-09,41,118,11,0.09
91,2017-01-02,2017-10-16,42,118,10,0.08
92,2017-01-02,2017-10-23,43,118,7,0.06
93,2017-01-02,2017-10-30,44,118,6,0.05
94,2017-01-02,2017-11-06,45,118,6,0.05
95,2017-01-02,2017-11-13,46,118,6,0.05
96,2017-01-02,2017-11-20,47,118,6,0.05
97,2017-01-02,2017-11-27,48,118,6,0.05
98,2017-01-02,2017-12-04,49,118,6,0.05
99,2017-01-02,2017-12-11,50,118,6,0.05
100,2017-01-02,2017-12-18,51,118,6,0.05
101,2017-01-02,2017-12-25,52,118,6,0.05
102,2017-01-02,2018-01-01,53,118,6,0.05
103,2017-01-02,2018-01-08,54,118,7,0.06
104,2017-01-02,2018-01-15,55,118,7,0.06
105,2017-01-02,2018-01-22,56,118,6,0.05
106,2017-01-02,2018-01-29,57,118,6,0.05
107,2017-01-02,2018-02-05,58,118,4,0.03
108,2017-01-02,2018-02-12,59,118,4,0.03
109,2017-01-02,2018-02-19,60,118,4,0.03
110,2017-01-02,2018-02-26,61,118,3,0.03
111,2017-01-02,2018-03-05,62,118,1,0.01
112,2017-01-02,2018-03-12,63,118,2,0.02
113,2017-01-02,2018-03-19,64,118,3,0.03
114,2017-01-02,2018-03-26,65,118,2,0.02
115,2017-01-02,2018-04-02,66,118,1,0.01
116,2017-01-02,2018-04-09,67,118,2,0.02
117,2017-01-02,2018-04-16,68,118,2,0.02
118,2017-01-02,2018-04-23,69,118,2,0.02
119,2017-01-02,2018-04-30,70,118,2,0.02
120,2017-01-02,2018-05-07,71,118,2,0.02
121,2017-01-02,2018-05-14,72,118,1,0.01
122,2017-01-02,2018-05-21,73,118,1,0.01
123,2017-01-02,2018-05-28,74,118,1,0.01
124,2017-01-02,2018-06-04,75,118,1,0.01
125,2017-01-02,2018-06-11,76,118,1,0.01
126,2017-01-02,2018-06-18,77,118,1,0.01
127,2017-01-02,2018-06-25,78,118,1,0.01
128,2017-01-02,2018-07-02,79,118,1,0.01
129,2017-01-02,2018-07-09,80,118,1,0.01
130,2017-01-02,2018-07-16,81,118,1,0.01
131,2017-01-02,2018-07-23,82,118,2,0.02
132,2017-01-02,2018-07-30,83,118,2,0.02
133,2017-01-02,2019-01-28,84,118,1,0.01
134,2017-01-02,2019-02-04,85,118,1,0.01
135,2017-01-02,2019-02-11,86,118,1,0.01
136,2017-01-02,2019-02-18,87,118,2,0.02
137,2017-01-02,2019-02-25,88,118,1,0.01
138,2017-01-02,2019-03-04,89,118,1,0.01
139,2017-01-09,2017-01-09,1,151,144,0.95
140,2017-01-09,2017-01-16,2,151,138,0.91
141,2017-01-09,2017-01-23,3,151,116,0.77
142,2017-01-09,2017-01-30,4,151,97,0.64
143,2017-01-09,2017-02-06,5,151,87,0.58
144,2017-01-09,2017-02-13,6,151,72,0.48
145,2017-01-09,2017-02-20,7,151,68,0.45
146,2017-01-09,2017-02-27,8,151,66,0.44
147,2017-01-09,2017-03-06,9,151,58,0.38
148,2017-01-09,2017-03-13,10,151,57,0.38
149,2017-01-09,2017-03-20,11,151,51,0.34
150,2017-01-09,2017-03-27,12,151,50,0.33
151,2017-01-09,2017-04-03,13,151,49,0.32
152,2017-01-09,2017-04-10,14,151,46,0.3
153,2017-01-09,2017-04-17,15,151,48,0.32
154,2017-01-09,2017-04-24,16,151,45,0.3
155,2017-01-09,2017-05-01,17,151,39,0.26
156,2017-01-09,2017-05-08,18,151,37,0.25
157,2017-01-09,2017-05-15,19,151,36,0.24
158,2017-01-09,2017-05-22,20,151,33,0.22
159,2017-01-09,2017-05-29,21,151,30,0.2
160,2017-01-09,2017-06-05,22,151,30,0.2
161,2017-01-09,2017-06-12,23,151,31,0.21
162,2017-01-09,2017-06-19,24,151,28,0.19
163,2017-01-09,2017-06-26,25,151,27,0.18
164,2017-01-09,2017-07-03,26,151,25,0.17
165,2017-01-09,2017-07-10,27,151,26,0.17
166,2017-01-09,2017-07-17,28,151,26,0.17
167,2017-01-09,2017-07-24,29,151,25,0.17
168,2017-01-09,2017-07-31,30,151,24,0.16
169,2017-01-09,2017-08-07,31,151,24,0.16
170,2017-01-09,2017-08-14,32,151,20,0.13
171,2017-01-09,2017-08-21,33,151,21,0.14
172,2017-01-09,2017-08-28,34,151,18,0.12
173,2017-01-09,2017-09-04,35,151,16,0.11
174,2017-01-09,2017-09-11,36,151,18,0.12
175,2017-01-09,2017-09-18,37,151,16,0.11
176,2017-01-09,2017-09-25,38,151,14,0.09
177,2017-01-09,2017-10-02,39,151,14,0.09
178,2017-01-09,2017-10-09,40,151,14,0.09
179,2017-01-09,2017-10-16,41,151,17,0.11
180,2017-01-09,2017-10-23,42,151,17,0.11
181,2017-01-09,2017-10-30,43,151,15,0.1
182,2017-01-09,2017-11-06,44,151,14,0.09
183,2017-01-09,2017-11-13,45,151,14,0.09
184,2017-01-09,2017-11-20,46,151,14,0.09
185,2017-01-09,2017-11-27,47,151,13,0.09
186,2017-01-09,2017-12-04,48,151,12,0.08
187,2017-01-09,2017-12-11,49,151,10,0.07
188,2017-01-09,2017-12-18,50,151,9,0.06
189,2017-01-09,2017-12-25,51,151,10,0.07
190,2017-01-09,2018-01-01,52,151,10,0.07
191,2017-01-09,2018-01-08,53,151,9,0.06
192,2017-01-09,2018-01-15,54,151,8,0.05
193,2017-01-09,2018-01-22,55,151,7,0.05
194,2017-01-09,2018-01-29,56,151,7,0.05
195,2017-01-09,2018-02-05,57,151,7,0.05
196,2017-01-09,2018-02-12,58,151,7,0.05
197,2017-01-09,2018-02-19,59,151,5,0.03
198,2017-01-09,2018-02-26,60,151,6,0.04
199,2017-01-09,2018-03-05,61,151,7,0.05
200,2017-01-09,2018-03-12,62,151,6,0.04
201,2017-01-09,2018-03-19,63,151,6,0.04
202,2017-01-09,2018-03-26,64,151,5,0.03
203,2017-01-09,2018-04-02,65,151,5,0.03
204,2017-01-09,2018-04-09,66,151,5,0.03
205,2017-01-09,2018-04-16,67,151,4,0.03
206,2017-01-09,2018-04-23,68,151,3,0.02
207,2017-01-09,2018-04-30,69,151,3,0.02
208,2017-01-09,2018-05-07,70,151,3,0.02
209,2017-01-09,2018-05-14,71,151,3,0.02
210,2017-01-09,2018-05-21,72,151,3,0.02
211,2017-01-09,2018-05-28,73,151,2,0.01
212,2017-01-09,2018-06-04,74,151,3,0.02
213,2017-01-09,2018-06-11,75,151,3,0.02
214,2017-01-09,2018-06-18,76,151,2,0.01
215,2017-01-09,2018-06-25,77,151,2,0.01
216,2017-01-09,2018-07-02,78,151,2,0.01
217,2017-01-09,2018-07-09,79,151,2,0.01
218,2017-01-09,2018-07-16,80,151,2,0.01
219,2017-01-09,2018-07-23,81,151,2,0.01
220,2017-01-09,2018-07-30,82,151,2,0.01
221,2017-01-09,2018-08-06,83,151,2,0.01
222,2017-01-09,2018-08-13,84,151,2,0.01
223,2017-01-09,2018-08-20,85,151,1,0.01
224,2017-01-09,2018-08-27,86,151,1,0.01
225,2017-01-09,2018-09-03,87,151,1,0.01
226,2017-01-09,2018-09-10,88,151,1,0.01
227,2017-01-09,2018-09-17,89,151,1,0.01
228,2017-01-09,2018-09-24,90,151,1,0.01
229,2017-01-09,2018-10-01,91,151,1,0.01
230,2017-01-09,2018-10-08,92,151,1,0.01
231,2017-01-09,2018-10-15,93,151,1,0.01
232,2017-01-09,2018-10-22,94,151,1,0.01
233,2017-01-09,2018-10-29,95,151,1,0.01
234,2017-01-09,2018-11-05,96,151,1,0.01
235,2017-01-09,2018-11-12,97,151,1,0.01
236,2017-01-09,2018-11-19,98,151,1,0.01
237,2017-01-09,2018-11-26,99,151,1,0.01
238,2017-01-09,2018-12-03,100,151,1,0.01
239,2017-01-09,2018-12-10,101,151,1,0.01
240,2017-01-09,2018-12-17,102,151,1,0.01
241,2017-01-09,2018-12-24,103,151,1,0.01
242,2017-01-09,2018-12-31,104,151,1,0.01
243,2017-01-09,2019-01-07,105,151,1,0.01
244,2017-01-09,2019-01-14,106,151,1,0.01
245,2017-01-09,2019-01-21,107,151,1,0.01
246,2017-01-09,2019-01-28,108,151,1,0.01
247,2017-01-09,2019-02-04,109,151,1,0.01
248,2017-01-09,2019-02-11,110,151,1,0.01
249,2017-01-09,2019-02-18,111,151,1,0.01
250,2017-01-09,2019-02-25,112,151,1,0.01
251,2017-01-09,2019-03-04,113,151,1,0.01
252,2017-01-09,2019-03-11,114,151,1,0.01
253,2017-01-09,2019-03-18,115,151,1,0.01
254,2017-01-09,2019-03-25,116,151,1,0.01
255,2017-01-16,2017-01-16,1,148,145,0.98
256,2017-01-16,2017-01-23,2,148,140,0.95
257,2017-01-16,2017-01-30,3,148,106,0.72
258,2017-01-16,2017-02-06,4,148,83,0.56
259,2017-01-16,2017-02-13,5,148,71,0.48
260,2017-01-16,2017-02-20,6,148,66,0.45
261,2017-01-16,2017-02-27,7,148,59,0.4
262,2017-01-16,2017-03-06,8,148,53,0.36
263,2017-01-16,2017-03-13,9,148,51,0.34
264,2017-01-16,2017-03-20,10,148,48,0.32
265,2017-01-16,2017-03-27,11,148,47,0.32
266,2017-01-16,2017-04-03,12,148,48,0.32
267,2017-01-16,2017-04-10,13,148,44,0.3
268,2017-01-16,2017-04-17,14,148,42,0.28
269,2017-01-16,2017-04-24,15,148,39,0.26
270,2017-01-16,2017-05-01,16,148,38,0.26
271,2017-01-16,2017-05-08,17,148,34,0.23
272,2017-01-16,2017-05-15,18,148,31,0.21
273,2017-01-16,2017-05-22,19,148,31,0.21
274,2017-01-16,2017-05-29,20,148,30,0.2
275,2017-01-16,2017-06-05,21,148,29,0.2
276,2017-01-16,2017-06-12,22,148,28,0.19
277,2017-01-16,2017-06-19,23,148,28,0.19
278,2017-01-16,2017-06-26,24,148,25,0.17
279,2017-01-16,2017-07-03,25,148,26,0.18
280,2017-01-16,2017-07-10,26,148,29,0.2
281,2017-01-16,2017-07-17,27,148,28,0.19
282,2017-01-16,2017-07-24,28,148,24,0.16
283,2017-01-16,2017-07-31,29,148,25,0.17
284,2017-01-16,2017-08-07,30,148,25,0.17
285,2017-01-16,2017-08-14,31,148,24,0.16
286,2017-01-16,2017-08-21,32,148,21,0.14
287,2017-01-16,2017-08-28,33,148,20,0.14
288,2017-01-16,2017-09-04,34,148,20,0.14
289,2017-01-16,2017-09-11,35,148,20,0.14
290,2017-01-16,2017-09-18,36,148,20,0.14
291,2017-01-16,2017-09-25,37,148,18,0.12
292,2017-01-16,2017-10-02,38,148,19,0.13
293,2017-01-16,2017-10-09,39,148,20,0.14
294,2017-01-16,2017-10-16,40,148,20,0.14
295,2017-01-16,2017-10-23,41,148,21,0.14
296,2017-01-16,2017-10-30,42,148,20,0.14
297,2017-01-16,2017-11-06,43,148,19,0.13
298,2017-01-16,2017-11-13,44,148,20,0.14
299,2017-01-16,2017-11-20,45,148,20,0.14
300,2017-01-16,2017-11-27,46,148,18,0.12
301,2017-01-16,2017-12-04,47,148,18,0.12
302,2017-01-16,2017-12-11,48,148,17,0.11
303,2017-01-16,2017-12-18,49,148,17,0.11
304,2017-01-16,2017-12-25,50,148,18,0.12
305,2017-01-16,2018-01-01,51,148,17,0.11
306,2017-01-16,2018-01-08,52,148,16,0.11
307,2017-01-16,2018-01-15,53,148,16,0.11
308,2017-01-16,2018-01-22,54,148,15,0.1
309,2017-01-16,2018-01-29,55,148,12,0.08
310,2017-01-16,2018-02-05,56,148,11,0.07
311,2017-01-16,2018-02-12,57,148,11,0.07
312,2017-01-16,2018-02-19,58,148,11,0.07
313,2017-01-16,2018-02-26,59,148,10,0.07
314,2017-01-16,2018-03-05,60,148,8,0.05
315,2017-01-16,2018-03-12,61,148,8,0.05
316,2017-01-16,2018-03-19,62,148,7,0.05
317,2017-01-16,2018-03-26,63,148,7,0.05
318,2017-01-16,2018-04-02,64,148,6,0.04
319,2017-01-16,2018-04-09,65,148,6,0.04
320,2017-01-16,2018-04-16,66,148,8,0.05
321,2017-01-16,2018-04-23,67,148,8,0.05
322,2017-01-16,2018-04-30,68,148,6,0.04
323,2017-01-16,2018-05-07,69,148,5,0.03
324,2017-01-16,2018-05-14,70,148,6,0.04
325,2017-01-16,2018-05-21,71,148,6,0.04
326,2017-01-16,2018-05-28,72,148,5,0.03
327,2017-01-16,2018-06-04,73,148,4,0.03
328,2017-01-16,2018-06-11,74,148,4,0.03
329,2017-01-16,2018-06-18,75,148,4,0.03
330,2017-01-16,2018-06-25,76,148,4,0.03
331,2017-01-16,2018-07-02,77,148,4,0.03
332,2017-01-16,2018-07-09,78,148,4,0.03
333,2017-01-16,2018-07-16,79,148,4,0.03
334,2017-01-16,2018-07-23,80,148,4,0.03
335,2017-01-16,2018-07-30,81,148,5,0.03
336,2017-01-16,2018-08-06,82,148,5,0.03
337,2017-01-16,2018-08-13,83,148,3,0.02
338,2017-01-16,2018-08-20,84,148,5,0.03
339,2017-01-16,2018-08-27,85,148,5,0.03
340,2017-01-16,2018-09-03,86,148,5,0.03
341,2017-01-16,2018-09-10,87,148,5,0.03
342,2017-01-16,2018-09-17,88,148,4,0.03
343,2017-01-16,2018-09-24,89,148,4,0.03
344,2017-01-16,2018-10-01,90,148,4,0.03
345,2017-01-16,2018-10-08,91,148,4,0.03
346,2017-01-16,2018-10-15,92,148,5,0.03
347,2017-01-16,2018-10-22,93,148,5,0.03
348,2017-01-16,2018-10-29,94,148,4,0.03
349,2017-01-16,2018-11-05,95,148,4,0.03
350,2017-01-16,2018-11-12,96,148,4,0.03
351,2017-01-16,2018-11-19,97,148,3,0.02
352,2017-01-16,2018-11-26,98,148,3,0.02
353,2017-01-16,2018-12-03,99,148,3,0.02
354,2017-01-16,2018-12-10,100,148,1,0.01
355,2017-01-16,2018-12-17,101,148,1,0.01
356,2017-01-16,2018-12-24,102,148,1,0.01
357,2017-01-16,2018-12-31,103,148,1,0.01
358,2017-01-16,2019-01-07,104,148,1,0.01
359,2017-01-16,2019-01-14,105,148,1,0.01
360,2017-01-16,2019-01-21,106,148,1,0.01
361,2017-01-16,2019-01-28,107,148,1,0.01
362,2017-01-16,2019-02-04,108,148,1,0.01
363,2017-01-16,2019-02-11,109,148,1,0.01
364,2017-01-23,2017-01-23,1,168,164,0.98
365,2017-01-23,2017-01-30,2,168,152,0.9
366,2017-01-23,2017-02-06,3,168,125,0.74
367,2017-01-23,2017-02-13,4,168,95,0.57
368,2017-01-23,2017-02-20,5,168,84,0.5
369,2017-01-23,2017-02-27,6,168,76,0.45
370,2017-01-23,2017-03-06,7,168,68,0.4
371,2017-01-23,2017-03-13,8,168,60,0.36
372,2017-01-23,2017-03-20,9,168,52,0.31
373,2017-01-23,2017-03-27,10,168,48,0.29
374,2017-01-23,2017-04-03,11,168,46,0.27
375,2017-01-23,2017-04-10,12,168,41,0.24
376,2017-01-23,2017-04-17,13,168,41,0.24
377,2017-01-23,2017-04-24,14,168,39,0.23
378,2017-01-23,2017-05-01,15,168,39,0.23
379,2017-01-23,2017-05-08,16,168,39,0.23
380,2017-01-23,2017-05-15,17,168,39,0.23
381,2017-01-23,2017-05-22,18,168,34,0.2
382,2017-01-23,2017-05-29,19,168,34,0.2
383,2017-01-23,2017-06-05,20,168,34,0.2
384,2017-01-23,2017-06-12,21,168,31,0.18
385,2017-01-23,2017-06-19,22,168,27,0.16
386,2017-01-23,2017-06-26,23,168,26,0.15
387,2017-01-23,2017-07-03,24,168,27,0.16
388,2017-01-23,2017-07-10,25,168,25,0.15
389,2017-01-23,2017-07-17,26,168,25,0.15
390,2017-01-23,2017-07-24,27,168,24,0.14
391,2017-01-23,2017-07-31,28,168,21,0.13
392,2017-01-23,2017-08-07,29,168,20,0.12
393,2017-01-23,2017-08-14,30,168,20,0.12
394,2017-01-23,2017-08-21,31,168,19,0.11
395,2017-01-23,2017-08-28,32,168,18,0.11
396,2017-01-23,2017-09-04,33,168,18,0.11
397,2017-01-23,2017-09-11,34,168,19,0.11
398,2017-01-23,2017-09-18,35,168,16,0.1
399,2017-01-23,2017-09-25,36,168,16,0.1
400,2017-01-23,2017-10-02,37,168,12,0.07
401,2017-01-23,2017-10-09,38,168,11,0.07
402,2017-01-23,2017-10-16,39,168,10,0.06
403,2017-01-23,2017-10-23,40,168,10,0.06
404,2017-01-23,2017-10-30,41,168,9,0.05
405,2017-01-23,2017-11-06,42,168,9,0.05
406,2017-01-23,2017-11-13,43,168,10,0.06
407,2017-01-23,2017-11-20,44,168,9,0.05
408,2017-01-23,2017-11-27,45,168,11,0.07
409,2017-01-23,2017-12-04,46,168,10,0.06
410,2017-01-23,2017-12-11,47,168,8,0.05
411,2017-01-23,2017-12-18,48,168,7,0.04
412,2017-01-23,2017-12-25,49,168,7,0.04
413,2017-01-23,2018-01-01,50,168,7,0.04
414,2017-01-23,2018-01-08,51,168,8,0.05
415,2017-01-23,2018-01-15,52,168,8,0.05
416,2017-01-23,2018-01-22,53,168,8,0.05
417,2017-01-23,2018-01-29,54,168,9,0.05
418,2017-01-23,2018-02-05,55,168,9,0.05
419,2017-01-23,2018-02-12,56,168,9,0.05
420,2017-01-23,2018-02-19,57,168,9,0.05
421,2017-01-23,2018-02-26,58,168,9,0.05
422,2017-01-23,2018-03-05,59,168,9,0.05
423,2017-01-23,2018-03-12,60,168,9,0.05
424,2017-01-23,2018-03-19,61,168,9,0.05
425,2017-01-23,2018-03-26,62,168,9,0.05
426,2017-01-23,2018-04-02,63,168,10,0.06
427,2017-01-23,2018-04-09,64,168,10,0.06
428,2017-01-23,2018-04-16,65,168,9,0.05
429,2017-01-23,2018-04-23,66,168,9,0.05
430,2017-01-23,2018-04-30,67,168,9,0.05
431,2017-01-23,2018-05-07,68,168,8,0.05
432,2017-01-23,2018-05-14,69,168,7,0.04
433,2017-01-23,2018-05-21,70,168,6,0.04
434,2017-01-23,2018-05-28,71,168,7,0.04
435,2017-01-23,2018-06-04,72,168,6,0.04
436,2017-01-23,2018-06-11,73,168,6,0.04
437,2017-01-23,2018-06-18,74,168,6,0.04
438,2017-01-23,2018-06-25,75,168,6,0.04
439,2017-01-23,2018-07-02,76,168,5,0.03
440,2017-01-23,2018-07-09,77,168,4,0.02
441,2017-01-23,2018-07-16,78,168,4,0.02
442,2017-01-23,2018-07-23,79,168,4,0.02
443,2017-01-23,2018-07-30,80,168,4,0.02
444,2017-01-23,2018-08-06,81,168,3,0.02
445,2017-01-23,2018-08-13,82,168,3,0.02
446,2017-01-23,2018-08-20,83,168,3,0.02
447,2017-01-23,2018-08-27,84,168,2,0.01
448,2017-01-23,2018-09-03,85,168,1,0.01
449,2017-01-23,2018-09-10,86,168,1,0.01
450,2017-01-23,2018-09-17,87,168,1,0.01
451,2017-01-23,2018-09-24,88,168,1,0.01
452,2017-01-23,2018-10-01,89,168,1,0.01
453,2017-01-23,2018-10-08,90,168,2,0.01
454,2017-01-23,2018-10-15,91,168,1,0.01
455,2017-01-23,2018-10-22,92,168,1,0.01
456,2017-01-23,2018-10-29,93,168,2,0.01
457,2017-01-23,2018-11-05,94,168,2,0.01
458,2017-01-23,2018-11-12,95,168,1,0.01
459,2017-01-23,2018-11-19,96,168,1,0.01
460,2017-01-23,2018-11-26,97,168,1,0.01
461,2017-01-23,2018-12-03,98,168,1,0.01
462,2017-01-23,2018-12-10,99,168,1,0.01
463,2017-01-23,2018-12-17,100,168,1,0.01
464,2017-01-23,2018-12-24,101,168,1,0.01
465,2017-01-23,2018-12-31,102,168,1,0.01
466,2017-01-23,2019-01-07,103,168,1,0.01
467,2017-01-23,2019-01-14,104,168,1,0.01
468,2017-01-23,2019-01-21,105,168,1,0.01
469,2017-01-23,2019-01-28,106,168,1,0.01
470,2017-01-23,2019-02-04,107,168,1,0.01
471,2017-01-23,2019-02-11,108,168,1,0.01
472,2017-01-23,2019-02-18,109,168,1,0.01
473,2017-01-30,2017-01-30,1,176,172,0.98
474,2017-01-30,2017-02-06,2,176,156,0.89
475,2017-01-30,2017-02-13,3,176,120,0.68
476,2017-01-30,2017-02-20,4,176,97,0.55
477,2017-01-30,2017-02-27,5,176,80,0.45
478,2017-01-30,2017-03-06,6,176,71,0.4
479,2017-01-30,2017-03-13,7,176,63,0.36
480,2017-01-30,2017-03-20,8,176,58,0.33
481,2017-01-30,2017-03-27,9,176,49,0.28
482,2017-01-30,2017-04-03,10,176,47,0.27
483,2017-01-30,2017-04-10,11,176,45,0.26
484,2017-01-30,2017-04-17,12,176,44,0.25
485,2017-01-30,2017-04-24,13,176,43,0.24
486,2017-01-30,2017-05-01,14,176,42,0.24
487,2017-01-30,2017-05-08,15,176,37,0.21
488,2017-01-30,2017-05-15,16,176,34,0.19
489,2017-01-30,2017-05-22,17,176,33,0.19
490,2017-01-30,2017-05-29,18,176,34,0.19
491,2017-01-30,2017-06-05,19,176,33,0.19
492,2017-01-30,2017-06-12,20,176,29,0.16
493,2017-01-30,2017-06-19,21,176,29,0.16
494,2017-01-30,2017-06-26,22,176,28,0.16
495,2017-01-30,2017-07-03,23,176,27,0.15
496,2017-01-30,2017-07-10,24,176,28,0.16
497,2017-01-30,2017-07-17,25,176,29,0.16
498,2017-01-30,2017-07-24,26,176,27,0.15
499,2017-01-30,2017-07-31,27,176,25,0.14
500,2017-01-30,2017-08-07,28,176,23,0.13
501,2017-01-30,2017-08-14,29,176,23,0.13
502,2017-01-30,2017-08-21,30,176,20,0.11
503,2017-01-30,2017-08-28,31,176,19,0.11
504,2017-01-30,2017-09-04,32,176,21,0.12
505,2017-01-30,2017-09-11,33,176,20,0.11
506,2017-01-30,2017-09-18,34,176,20,0.11
507,2017-01-30,2017-09-25,35,176,19,0.11
508,2017-01-30,2017-10-02,36,176,20,0.11
509,2017-01-30,2017-10-09,37,176,19,0.11
510,2017-01-30,2017-10-16,38,176,19,0.11
511,2017-01-30,2017-10-23,39,176,18,0.1
512,2017-01-30,2017-10-30,40,176,15,0.09
513,2017-01-30,2017-11-06,41,176,14,0.08
514,2017-01-30,2017-11-13,42,176,15,0.09
515,2017-01-30,2017-11-20,43,176,15,0.09
516,2017-01-30,2017-11-27,44,176,13,0.07
517,2017-01-30,2017-12-04,45,176,12,0.07
518,2017-01-30,2017-12-11,46,176,12,0.07
519,2017-01-30,2017-12-18,47,176,9,0.05
520,2017-01-30,2017-12-25,48,176,8,0.05
521,2017-01-30,2018-01-01,49,176,8,0.05
522,2017-01-30,2018-01-08,50,176,9,0.05
523,2017-01-30,2018-01-15,51,176,9,0.05
524,2017-01-30,2018-01-22,52,176,9,0.05
525,2017-01-30,2018-01-29,53,176,9,0.05
526,2017-01-30,2018-02-05,54,176,7,0.04
527,2017-01-30,2018-02-12,55,176,7,0.04
528,2017-01-30,2018-02-19,56,176,7,0.04
529,2017-01-30,2018-02-26,57,176,8,0.05
530,2017-01-30,2018-03-05,58,176,8,0.05
531,2017-01-30,2018-03-12,59,176,9,0.05
532,2017-01-30,2018-03-19,60,176,9,0.05
533,2017-01-30,2018-03-26,61,176,8,0.05
534,2017-01-30,2018-04-02,62,176,10,0.06
535,2017-01-30,2018-04-09,63,176,8,0.05
536,2017-01-30,2018-04-16,64,176,8,0.05
537,2017-01-30,2018-04-23,65,176,8,0.05
538,2017-01-30,2018-04-30,66,176,8,0.05
539,2017-01-30,2018-05-07,67,176,8,0.05
540,2017-01-30,2018-05-14,68,176,7,0.04
541,2017-01-30,2018-05-21,69,176,5,0.03
542,2017-01-30,2018-05-28,70,176,7,0.04
543,2017-01-30,2018-06-04,71,176,7,0.04
544,2017-01-30,2018-06-11,72,176,7,0.04
545,2017-01-30,2018-06-18,73,176,7,0.04
546,2017-01-30,2018-06-25,74,176,6,0.03
547,2017-01-30,2018-07-02,75,176,5,0.03
548,2017-01-30,2018-07-09,76,176,5,0.03
549,2017-01-30,2018-07-16,77,176,5,0.03
550,2017-01-30,2018-07-23,78,176,5,0.03
551,2017-01-30,2018-07-30,79,176,5,0.03
552,2017-01-30,2018-08-06,80,176,5,0.03
553,2017-01-30,2018-08-13,81,176,5,0.03
554,2017-01-30,2018-08-20,82,176,5,0.03
555,2017-01-30,2018-08-27,83,176,2,0.01
556,2017-01-30,2018-09-03,84,176,2,0.01
557,2017-01-30,2018-09-10,85,176,2,0.01
558,2017-01-30,2018-09-17,86,176,2,0.01
559,2017-01-30,2018-09-24,87,176,2,0.01
560,2017-01-30,2018-10-01,88,176,2,0.01
561,2017-01-30,2018-10-08,89,176,2,0.01
562,2017-01-30,2018-10-15,90,176,2,0.01
563,2017-01-30,2018-10-22,91,176,2,0.01
564,2017-01-30,2018-10-29,92,176,2,0.01
565,2017-01-30,2018-11-05,93,176,2,0.01
566,2017-01-30,2018-11-12,94,176,1,0.01
567,2017-01-30,2018-11-19,95,176,1,0.01
568,2017-01-30,2018-11-26,96,176,1,0.01
569,2017-01-30,2018-12-03,97,176,1,0.01
570,2017-01-30,2018-12-10,98,176,1,0.01
571,2017-01-30,2018-12-17,99,176,1,0.01
572,2017-01-30,2018-12-24,100,176,2,0.01
573,2017-01-30,2018-12-31,101,176,1,0.01
574,2017-01-30,2019-01-07,102,176,1,0.01
575,2017-01-30,2019-01-14,103,176,1,0.01
576,2017-01-30,2019-01-21,104,176,1,0.01
577,2017-01-30,2019-01-28,105,176,1,0.01
578,2017-01-30,2019-02-25,106,176,1,0.01
579,2017-01-30,2019-03-04,107,176,1,0.01
580,2017-01-30,2019-03-11,108,176,1,0.01
581,2017-01-30,2019-03-18,109,176,1,0.01
582,2017-01-30,2019-03-25,110,176,1,0.01
583,2017-02-06,2017-02-06,1,193,188,0.97
584,2017-02-06,2017-02-13,2,193,166,0.86
585,2017-02-06,2017-02-20,3,193,131,0.68
586,2017-02-06,2017-02-27,4,193,112,0.58
587,2017-02-06,2017-03-06,5,193,98,0.51
588,2017-02-06,2017-03-13,6,193,90,0.47
589,2017-02-06,2017-03-20,7,193,83,0.43
590,2017-02-06,2017-03-27,8,193,74,0.38
591,2017-02-06,2017-04-03,9,193,68,0.35
592,2017-02-06,2017-04-10,10,193,60,0.31
593,2017-02-06,2017-04-17,11,193,59,0.31
594,2017-02-06,2017-04-24,12,193,58,0.3
595,2017-02-06,2017-05-01,13,193,58,0.3
596,2017-02-06,2017-05-08,14,193,57,0.3
597,2017-02-06,2017-05-15,15,193,54,0.28
598,2017-02-06,2017-05-22,16,193,50,0.26
599,2017-02-06,2017-05-29,17,193,47,0.24
600,2017-02-06,2017-06-05,18,193,45,0.23
601,2017-02-06,2017-06-12,19,193,44,0.23
602,2017-02-06,2017-06-19,20,193,43,0.22
603,2017-02-06,2017-06-26,21,193,41,0.21
604,2017-02-06,2017-07-03,22,193,40,0.21
605,2017-02-06,2017-07-10,23,193,40,0.21
606,2017-02-06,2017-07-17,24,193,39,0.2
607,2017-02-06,2017-07-24,25,193,38,0.2
608,2017-02-06,2017-07-31,26,193,40,0.21
609,2017-02-06,2017-08-07,27,193,39,0.2
610,2017-02-06,2017-08-14,28,193,38,0.2
611,2017-02-06,2017-08-21,29,193,35,0.18
612,2017-02-06,2017-08-28,30,193,34,0.18
613,2017-02-06,2017-09-04,31,193,30,0.16
614,2017-02-06,2017-09-11,32,193,30,0.16
615,2017-02-06,2017-09-18,33,193,30,0.16
616,2017-02-06,2017-09-25,34,193,30,0.16
617,2017-02-06,2017-10-02,35,193,30,0.16
618,2017-02-06,2017-10-09,36,193,30,0.16
619,2017-02-06,2017-10-16,37,193,29,0.15
620,2017-02-06,2017-10-23,38,193,28,0.15
621,2017-02-06,2017-10-30,39,193,28,0.15
622,2017-02-06,2017-11-06,40,193,27,0.14
623,2017-02-06,2017-11-13,41,193,26,0.13
624,2017-02-06,2017-11-20,42,193,26,0.13
625,2017-02-06,2017-11-27,43,193,25,0.13
626,2017-02-06,2017-12-04,44,193,26,0.13
627,2017-02-06,2017-12-11,45,193,23,0.12
628,2017-02-06,2017-12-18,46,193,23,0.12
629,2017-02-06,2017-12-25,47,193,21,0.11
630,2017-02-06,2018-01-01,48,193,22,0.11
631,2017-02-06,2018-01-08,49,193,20,0.1
632,2017-02-06,2018-01-15,50,193,19,0.1
633,2017-02-06,2018-01-22,51,193,20,0.1
634,2017-02-06,2018-01-29,52,193,19,0.1
635,2017-02-06,2018-02-05,53,193,19,0.1
636,2017-02-06,2018-02-12,54,193,17,0.09
637,2017-02-06,2018-02-19,55,193,17,0.09
638,2017-02-06,2018-02-26,56,193,16,0.08
639,2017-02-06,2018-03-05,57,193,18,0.09
640,2017-02-06,2018-03-12,58,193,17,0.09
641,2017-02-06,2018-03-19,59,193,19,0.1
642,2017-02-06,2018-03-26,60,193,19,0.1
643,2017-02-06,2018-04-02,61,193,19,0.1
644,2017-02-06,2018-04-09,62,193,19,0.1
645,2017-02-06,2018-04-16,63,193,18,0.09
646,2017-02-06,2018-04-23,64,193,18,0.09
647,2017-02-06,2018-04-30,65,193,18,0.09
648,2017-02-06,2018-05-07,66,193,18,0.09
649,2017-02-06,2018-05-14,67,193,17,0.09
650,2017-02-06,2018-05-21,68,193,18,0.09
651,2017-02-06,2018-05-28,69,193,17,0.09
652,2017-02-06,2018-06-04,70,193,16,0.08
653,2017-02-06,2018-06-11,71,193,17,0.09
654,2017-02-06,2018-06-18,72,193,16,0.08
655,2017-02-06,2018-06-25,73,193,17,0.09
656,2017-02-06,2018-07-02,74,193,16,0.08
657,2017-02-06,2018-07-09,75,193,16,0.08
658,2017-02-06,2018-07-16,76,193,14,0.07
659,2017-02-06,2018-07-23,77,193,15,0.08
660,2017-02-06,2018-07-30,78,193,14,0.07
661,2017-02-06,2018-08-06,79,193,14,0.07
662,2017-02-06,2018-08-13,80,193,14,0.07
663,2017-02-06,2018-08-20,81,193,13,0.07
664,2017-02-06,2018-08-27,82,193,11,0.06
665,2017-02-06,2018-09-03,83,193,10,0.05
666,2017-02-06,2018-09-10,84,193,10,0.05
667,2017-02-06,2018-09-17,85,193,9,0.05
668,2017-02-06,2018-09-24,86,193,9,0.05
669,2017-02-06,2018-10-01,87,193,9,0.05
670,2017-02-06,2018-10-08,88,193,9,0.05
671,2017-02-06,2018-10-15,89,193,9,0.05
672,2017-02-06,2018-10-22,90,193,9,0.05
673,2017-02-06,2018-10-29,91,193,6,0.03
674,2017-02-06,2018-11-05,92,193,6,0.03
675,2017-02-06,2018-11-12,93,193,6,0.03
676,2017-02-06,2018-11-19,94,193,6,0.03
677,2017-02-06,2018-11-26,95,193,6,0.03
678,2017-02-06,2018-12-03,96,193,6,0.03
679,2017-02-06,2018-12-10,97,193,6,0.03
680,2017-02-06,2018-12-17,98,193,6,0.03
681,2017-02-06,2018-12-24,99,193,7,0.04
682,2017-02-06,2018-12-31,100,193,8,0.04
683,2017-02-06,2019-01-07,101,193,7,0.04
684,2017-02-06,2019-01-14,102,193,5,0.03
685,2017-02-06,2019-01-21,103,193,5,0.03
686,2017-02-06,2019-01-28,104,193,5,0.03
687,2017-02-06,2019-02-04,105,193,5,0.03
688,2017-02-06,2019-02-11,106,193,5,0.03
689,2017-02-06,2019-02-18,107,193,4,0.02
690,2017-02-06,2019-02-25,108,193,4,0.02
691,2017-02-06,2019-03-04,109,193,3,0.02
692,2017-02-06,2019-03-11,110,193,1,0.01
693,2017-02-06,2019-03-18,111,193,1,0.01
694,2017-02-13,2017-02-13,1,184,182,0.99
695,2017-02-13,2017-02-20,2,184,171,0.93
696,2017-02-13,2017-02-27,3,184,131,0.71
697,2017-02-13,2017-03-06,4,184,105,0.57
698,2017-02-13,2017-03-13,5,184,87,0.47
699,2017-02-13,2017-03-20,6,184,83,0.45
700,2017-02-13,2017-03-27,7,184,68,0.37
701,2017-02-13,2017-04-03,8,184,61,0.33
702,2017-02-13,2017-04-10,9,184,63,0.34
703,2017-02-13,2017-04-17,10,184,60,0.33
704,2017-02-13,2017-04-24,11,184,54,0.29
705,2017-02-13,2017-05-01,12,184,54,0.29
706,2017-02-13,2017-05-08,13,184,52,0.28
707,2017-02-13,2017-05-15,14,184,50,0.27
708,2017-02-13,2017-05-22,15,184,47,0.26
709,2017-02-13,2017-05-29,16,184,46,0.25
710,2017-02-13,2017-06-05,17,184,41,0.22
711,2017-02-13,2017-06-12,18,184,40,0.22
712,2017-02-13,2017-06-19,19,184,34,0.18
713,2017-02-13,2017-06-26,20,184,34,0.18
714,2017-02-13,2017-07-03,21,184,34,0.18
715,2017-02-13,2017-07-10,22,184,33,0.18
716,2017-02-13,2017-07-17,23,184,32,0.17
717,2017-02-13,2017-07-24,24,184,31,0.17
718,2017-02-13,2017-07-31,25,184,28,0.15
719,2017-02-13,2017-08-07,26,184,28,0.15
720,2017-02-13,2017-08-14,27,184,27,0.15
721,2017-02-13,2017-08-21,28,184,25,0.14
722,2017-02-13,2017-08-28,29,184,25,0.14
723,2017-02-13,2017-09-04,30,184,23,0.13
724,2017-02-13,2017-09-11,31,184,23,0.13
725,2017-02-13,2017-09-18,32,184,19,0.1
726,2017-02-13,2017-09-25,33,184,18,0.1
727,2017-02-13,2017-10-02,34,184,18,0.1
728,2017-02-13,2017-10-09,35,184,16,0.09
729,2017-02-13,2017-10-16,36,184,17,0.09
730,2017-02-13,2017-10-23,37,184,16,0.09
731,2017-02-13,2017-10-30,38,184,16,0.09
732,2017-02-13,2017-11-06,39,184,17,0.09
733,2017-02-13,2017-11-13,40,184,17,0.09
734,2017-02-13,2017-11-20,41,184,16,0.09
735,2017-02-13,2017-11-27,42,184,16,0.09
736,2017-02-13,2017-12-04,43,184,15,0.08
737,2017-02-13,2017-12-11,44,184,14,0.08
738,2017-02-13,2017-12-18,45,184,13,0.07
739,2017-02-13,2017-12-25,46,184,13,0.07
740,2017-02-13,2018-01-01,47,184,14,0.08
741,2017-02-13,2018-01-08,48,184,13,0.07
742,2017-02-13,2018-01-15,49,184,12,0.07
743,2017-02-13,2018-01-22,50,184,12,0.07
744,2017-02-13,2018-01-29,51,184,12,0.07
745,2017-02-13,2018-02-05,52,184,12,0.07
746,2017-02-13,2018-02-12,53,184,12,0.07
747,2017-02-13,2018-02-19,54,184,13,0.07
748,2017-02-13,2018-02-26,55,184,14,0.08
749,2017-02-13,2018-03-05,56,184,14,0.08
750,2017-02-13,2018-03-12,57,184,14,0.08
751,2017-02-13,2018-03-19,58,184,14,0.08
752,2017-02-13,2018-03-26,59,184,15,0.08
753,2017-02-13,2018-04-02,60,184,12,0.07
754,2017-02-13,2018-04-09,61,184,12,0.07
755,2017-02-13,2018-04-16,62,184,12,0.07
756,2017-02-13,2018-04-23,63,184,12,0.07
757,2017-02-13,2018-04-30,64,184,12,0.07
758,2017-02-13,2018-05-07,65,184,11,0.06
759,2017-02-13,2018-05-14,66,184,11,0.06
760,2017-02-13,2018-05-21,67,184,8,0.04
761,2017-02-13,2018-05-28,68,184,8,0.04
762,2017-02-13,2018-06-04,69,184,7,0.04
763,2017-02-13,2018-06-11,70,184,6,0.03
764,2017-02-13,2018-06-18,71,184,6,0.03
765,2017-02-13,2018-06-25,72,184,6,0.03
766,2017-02-13,2018-07-02,73,184,6,0.03
767,2017-02-13,2018-07-09,74,184,6,0.03
768,2017-02-13,2018-07-16,75,184,6,0.03
769,2017-02-13,2018-07-23,76,184,4,0.02
770,2017-02-13,2018-07-30,77,184,4,0.02
771,2017-02-13,2018-08-06,78,184,3,0.02
772,2017-02-13,2018-08-13,79,184,3,0.02
773,2017-02-13,2018-08-20,80,184,3,0.02
774,2017-02-13,2018-08-27,81,184,3,0.02
775,2017-02-13,2018-09-03,82,184,3,0.02
776,2017-02-13,2018-09-10,83,184,3,0.02
777,2017-02-13,2018-09-17,84,184,3,0.02
778,2017-02-13,2018-09-24,85,184,3,0.02
779,2017-02-13,2018-10-01,86,184,3,0.02
780,2017-02-13,2018-10-08,87,184,3,0.02
781,2017-02-13,2018-10-15,88,184,4,0.02
782,2017-02-13,2018-10-22,89,184,4,0.02
783,2017-02-13,2018-10-29,90,184,4,0.02
784,2017-02-13,2018-11-05,91,184,3,0.02
785,2017-02-13,2018-11-12,92,184,3,0.02
786,2017-02-13,2018-11-19,93,184,2,0.01
787,2017-02-13,2018-11-26,94,184,2,0.01
788,2017-02-13,2018-12-03,95,184,2,0.01
789,2017-02-13,2018-12-10,96,184,2,0.01
790,2017-02-13,2018-12-17,97,184,2,0.01
791,2017-02-13,2018-12-24,98,184,3,0.02
792,2017-02-13,2018-12-31,99,184,3,0.02
793,2017-02-13,2019-01-07,100,184,3,0.02
794,2017-02-13,2019-01-14,101,184,3,0.02
795,2017-02-13,2019-01-21,102,184,3,0.02
796,2017-02-13,2019-01-28,103,184,3,0.02
797,2017-02-13,2019-02-04,104,184,1,0.01
798,2017-02-13,2019-02-11,105,184,2,0.01
799,2017-02-13,2019-02-18,106,184,1,0.01
800,2017-02-20,2017-02-20,1,214,207,0.97
801,2017-02-20,2017-02-27,2,214,193,0.9
802,2017-02-20,2017-03-06,3,214,138,0.64
803,2017-02-20,2017-03-13,4,214,115,0.54
804,2017-02-20,2017-03-20,5,214,89,0.42
805,2017-02-20,2017-03-27,6,214,82,0.38
806,2017-02-20,2017-04-03,7,214,77,0.36
807,2017-02-20,2017-04-10,8,214,70,0.33
808,2017-02-20,2017-04-17,9,214,68,0.32
809,2017-02-20,2017-04-24,10,214,60,0.28
810,2017-02-20,2017-05-01,11,214,51,0.24
811,2017-02-20,2017-05-08,12,214,50,0.23
812,2017-02-20,2017-05-15,13,214,44,0.21
813,2017-02-20,2017-05-22,14,214,43,0.2
814,2017-02-20,2017-05-29,15,214,44,0.21
815,2017-02-20,2017-06-05,16,214,42,0.2
816,2017-02-20,2017-06-12,17,214,44,0.21
817,2017-02-20,2017-06-19,18,214,40,0.19
818,2017-02-20,2017-06-26,19,214,38,0.18
819,2017-02-20,2017-07-03,20,214,36,0.17
820,2017-02-20,2017-07-10,21,214,34,0.16
821,2017-02-20,2017-07-17,22,214,34,0.16
822,2017-02-20,2017-07-24,23,214,34,0.16
823,2017-02-20,2017-07-31,24,214,34,0.16
824,2017-02-20,2017-08-07,25,214,31,0.14
825,2017-02-20,2017-08-14,26,214,28,0.13
826,2017-02-20,2017-08-21,27,214,27,0.13
827,2017-02-20,2017-08-28,28,214,23,0.11
828,2017-02-20,2017-09-04,29,214,23,0.11
829,2017-02-20,2017-09-11,30,214,22,0.1
830,2017-02-20,2017-09-18,31,214,22,0.1
831,2017-02-20,2017-09-25,32,214,22,0.1
832,2017-02-20,2017-10-02,33,214,22,0.1
833,2017-02-20,2017-10-09,34,214,20,0.09
834,2017-02-20,2017-10-16,35,214,18,0.08
835,2017-02-20,2017-10-23,36,214,15,0.07
836,2017-02-20,2017-10-30,37,214,13,0.06
837,2017-02-20,2017-11-06,38,214,13,0.06
838,2017-02-20,2017-11-13,39,214,13,0.06
839,2017-02-20,2017-11-20,40,214,12,0.06
840,2017-02-20,2017-11-27,41,214,13,0.06
841,2017-02-20,2017-12-04,42,214,10,0.05
842,2017-02-20,2017-12-11,43,214,10,0.05
843,2017-02-20,2017-12-18,44,214,9,0.04
844,2017-02-20,2017-12-25,45,214,11,0.05
845,2017-02-20,2018-01-01,46,214,12,0.06
846,2017-02-20,2018-01-08,47,214,14,0.07
847,2017-02-20,2018-01-15,48,214,12,0.06
848,2017-02-20,2018-01-22,49,214,12,0.06
849,2017-02-20,2018-01-29,50,214,13,0.06
850,2017-02-20,2018-02-05,51,214,12,0.06
851,2017-02-20,2018-02-12,52,214,13,0.06
852,2017-02-20,2018-02-19,53,214,12,0.06
853,2017-02-20,2018-02-26,54,214,10,0.05
854,2017-02-20,2018-03-05,55,214,10,0.05
855,2017-02-20,2018-03-12,56,214,11,0.05
856,2017-02-20,2018-03-19,57,214,11,0.05
857,2017-02-20,2018-03-26,58,214,10,0.05
858,2017-02-20,2018-04-02,59,214,11,0.05
859,2017-02-20,2018-04-09,60,214,11,0.05
860,2017-02-20,2018-04-16,61,214,12,0.06
861,2017-02-20,2018-04-23,62,214,8,0.04
862,2017-02-20,2018-04-30,63,214,8,0.04
863,2017-02-20,2018-05-07,64,214,8,0.04
864,2017-02-20,2018-05-14,65,214,7,0.03
865,2017-02-20,2018-05-21,66,214,7,0.03
866,2017-02-20,2018-05-28,67,214,7,0.03
867,2017-02-20,2018-06-04,68,214,7,0.03
868,2017-02-20,2018-06-11,69,214,6,0.03
869,2017-02-20,2018-06-18,70,214,5,0.02
870,2017-02-20,2018-06-25,71,214,5,0.02
871,2017-02-20,2018-07-02,72,214,4,0.02
872,2017-02-20,2018-07-09,73,214,2,0.01
873,2017-02-20,2018-07-16,74,214,2,0.01
874,2017-02-20,2018-07-23,75,214,2,0.01
875,2017-02-20,2018-07-30,76,214,2,0.01
876,2017-02-20,2018-08-06,77,214,2,0.01
877,2017-02-20,2018-08-13,78,214,2,0.01
878,2017-02-20,2018-08-20,79,214,2,0.01
879,2017-02-20,2018-08-27,80,214,2,0.01
880,2017-02-20,2018-09-03,81,214,2,0.01
881,2017-02-20,2018-09-10,82,214,2,0.01
882,2017-02-20,2018-09-17,83,214,2,0.01
883,2017-02-20,2018-09-24,84,214,4,0.02
884,2017-02-20,2018-10-01,85,214,3,0.01
885,2017-02-20,2018-10-08,86,214,3,0.01
886,2017-02-20,2018-10-15,87,214,3,0.01
887,2017-02-20,2018-10-22,88,214,3,0.01
888,2017-02-20,2018-10-29,89,214,3,0.01
889,2017-02-20,2018-11-05,90,214,3,0.01
890,2017-02-20,2018-11-12,91,214,3,0.01
891,2017-02-20,2018-11-19,92,214,3,0.01
892,2017-02-20,2018-11-26,93,214,3,0.01
893,2017-02-20,2018-12-03,94,214,3,0.01
894,2017-02-20,2018-12-10,95,214,3,0.01
895,2017-02-20,2018-12-17,96,214,3,0.01
896,2017-02-20,2018-12-24,97,214,4,0.02
897,2017-02-20,2018-12-31,98,214,2,0.01
898,2017-02-20,2019-01-07,99,214,2,0.01
899,2017-02-20,2019-01-14,100,214,1,0.0
900,2017-02-20,2019-01-21,101,214,1,0.0
901,2017-02-20,2019-01-28,102,214,1,0.0
902,2017-02-20,2019-02-04,103,214,1,0.0
903,2017-02-20,2019-02-11,104,214,2,0.01
904,2017-02-20,2019-02-18,105,214,2,0.01
905,2017-02-20,2019-02-25,106,214,2,0.01
906,2017-02-20,2019-03-04,107,214,2,0.01
907,2017-02-27,2017-02-27,1,188,185,0.98
908,2017-02-27,2017-03-06,2,188,164,0.87
909,2017-02-27,2017-03-13,3,188,126,0.67
910,2017-02-27,2017-03-20,4,188,98,0.52
911,2017-02-27,2017-03-27,5,188,82,0.44
912,2017-02-27,2017-04-03,6,188,79,0.42
913,2017-02-27,2017-04-10,7,188,72,0.38
914,2017-02-27,2017-04-17,8,188,62,0.33
915,2017-02-27,2017-04-24,9,188,58,0.31
916,2017-02-27,2017-05-01,10,188,54,0.29
917,2017-02-27,2017-05-08,11,188,47,0.25
918,2017-02-27,2017-05-15,12,188,47,0.25
919,2017-02-27,2017-05-22,13,188,45,0.24
920,2017-02-27,2017-05-29,14,188,38,0.2
921,2017-02-27,2017-06-05,15,188,35,0.19
922,2017-02-27,2017-06-12,16,188,37,0.2
923,2017-02-27,2017-06-19,17,188,36,0.19
924,2017-02-27,2017-06-26,18,188,35,0.19
925,2017-02-27,2017-07-03,19,188,32,0.17
926,2017-02-27,2017-07-10,20,188,34,0.18
927,2017-02-27,2017-07-17,21,188,33,0.18
928,2017-02-27,2017-07-24,22,188,32,0.17
929,2017-02-27,2017-07-31,23,188,31,0.16
930,2017-02-27,2017-08-07,24,188,27,0.14
931,2017-02-27,2017-08-14,25,188,25,0.13
932,2017-02-27,2017-08-21,26,188,24,0.13
933,2017-02-27,2017-08-28,27,188,18,0.1
934,2017-02-27,2017-09-04,28,188,18,0.1
935,2017-02-27,2017-09-11,29,188,17,0.09
936,2017-02-27,2017-09-18,30,188,15,0.08
937,2017-02-27,2017-09-25,31,188,14,0.07
938,2017-02-27,2017-10-02,32,188,14,0.07
939,2017-02-27,2017-10-09,33,188,12,0.06
940,2017-02-27,2017-10-16,34,188,11,0.06
941,2017-02-27,2017-10-23,35,188,11,0.06
942,2017-02-27,2017-10-30,36,188,11,0.06
943,2017-02-27,2017-11-06,37,188,10,0.05
944,2017-02-27,2017-11-13,38,188,11,0.06
945,2017-02-27,2017-11-20,39,188,11,0.06
946,2017-02-27,2017-11-27,40,188,10,0.05
947,2017-02-27,2017-12-04,41,188,9,0.05
948,2017-02-27,2017-12-11,42,188,9,0.05
949,2017-02-27,2017-12-18,43,188,9,0.05
950,2017-02-27,2017-12-25,44,188,10,0.05
951,2017-02-27,2018-01-01,45,188,10,0.05
952,2017-02-27,2018-01-08,46,188,10,0.05
953,2017-02-27,2018-01-15,47,188,9,0.05
954,2017-02-27,2018-01-22,48,188,10,0.05
955,2017-02-27,2018-01-29,49,188,7,0.04
956,2017-02-27,2018-02-05,50,188,7,0.04
957,2017-02-27,2018-02-12,51,188,6,0.03
958,2017-02-27,2018-02-19,52,188,6,0.03
959,2017-02-27,2018-02-26,53,188,7,0.04
960,2017-02-27,2018-03-05,54,188,8,0.04
961,2017-02-27,2018-03-12,55,188,9,0.05
962,2017-02-27,2018-03-19,56,188,8,0.04
963,2017-02-27,2018-03-26,57,188,8,0.04
964,2017-02-27,2018-04-02,58,188,8,0.04
965,2017-02-27,2018-04-09,59,188,10,0.05
966,2017-02-27,2018-04-16,60,188,11,0.06
967,2017-02-27,2018-04-23,61,188,11,0.06
968,2017-02-27,2018-04-30,62,188,11,0.06
969,2017-02-27,2018-05-07,63,188,9,0.05
970,2017-02-27,2018-05-14,64,188,9,0.05
971,2017-02-27,2018-05-21,65,188,8,0.04
972,2017-02-27,2018-05-28,66,188,7,0.04
973,2017-02-27,2018-06-04,67,188,7,0.04
974,2017-02-27,2018-06-11,68,188,6,0.03
975,2017-02-27,2018-06-18,69,188,7,0.04
976,2017-02-27,2018-06-25,70,188,6,0.03
977,2017-02-27,2018-07-02,71,188,6,0.03
978,2017-02-27,2018-07-09,72,188,6,0.03
979,2017-02-27,2018-07-16,73,188,6,0.03
980,2017-02-27,2018-07-23,74,188,5,0.03
981,2017-02-27,2018-07-30,75,188,6,0.03
982,2017-02-27,2018-08-06,76,188,6,0.03
983,2017-02-27,2018-08-13,77,188,5,0.03
984,2017-02-27,2018-08-20,78,188,4,0.02
985,2017-02-27,2018-08-27,79,188,2,0.01
986,2017-02-27,2018-09-03,80,188,2,0.01
987,2017-02-27,2018-09-10,81,188,2,0.01
988,2017-02-27,2018-09-17,82,188,2,0.01
989,2017-02-27,2018-09-24,83,188,2,0.01
990,2017-02-27,2018-10-01,84,188,2,0.01
991,2017-02-27,2018-10-08,85,188,2,0.01
992,2017-02-27,2018-10-15,86,188,3,0.02
993,2017-02-27,2018-10-22,87,188,3,0.02
994,2017-02-27,2018-10-29,88,188,3,0.02
995,2017-02-27,2018-11-05,89,188,2,0.01
996,2017-02-27,2018-11-12,90,188,1,0.01
997,2017-02-27,2018-11-19,91,188,2,0.01
998,2017-02-27,2018-11-26,92,188,2,0.01
999,2017-02-27,2018-12-03,93,188,2,0.01
1000,2017-02-27,2018-12-10,94,188,2,0.01
1001,2017-02-27,2018-12-17,95,188,2,0.01
1002,2017-02-27,2018-12-24,96,188,2,0.01
1003,2017-02-27,2018-12-31,97,188,2,0.01
1004,2017-02-27,2019-01-07,98,188,2,0.01
1005,2017-02-27,2019-01-14,99,188,1,0.01
1006,2017-02-27,2019-01-21,100,188,1,0.01
1007,2017-02-27,2019-01-28,101,188,1,0.01
1008,2017-02-27,2019-02-04,102,188,1,0.01
1009,2017-02-27,2019-02-11,103,188,2,0.01
1010,2017-02-27,2019-02-18,104,188,1,0.01
1011,2017-02-27,2019-02-25,105,188,1,0.01
1012,2017-02-27,2019-03-04,106,188,1,0.01
1013,2017-03-06,2017-03-06,1,172,167,0.97
1014,2017-03-06,2017-03-13,2,172,154,0.9
1015,2017-03-06,2017-03-20,3,172,118,0.69
1016,2017-03-06,2017-03-27,4,172,101,0.59
1017,2017-03-06,2017-04-03,5,172,87,0.51
1018,2017-03-06,2017-04-10,6,172,78,0.45
1019,2017-03-06,2017-04-17,7,172,73,0.42
1020,2017-03-06,2017-04-24,8,172,73,0.42
1021,2017-03-06,2017-05-01,9,172,67,0.39
1022,2017-03-06,2017-05-08,10,172,63,0.37
1023,2017-03-06,2017-05-15,11,172,62,0.36
1024,2017-03-06,2017-05-22,12,172,57,0.33
1025,2017-03-06,2017-05-29,13,172,51,0.3
1026,2017-03-06,2017-06-05,14,172,47,0.27
1027,2017-03-06,2017-06-12,15,172,47,0.27
1028,2017-03-06,2017-06-19,16,172,44,0.26
1029,2017-03-06,2017-06-26,17,172,41,0.24
1030,2017-03-06,2017-07-03,18,172,41,0.24
1031,2017-03-06,2017-07-10,19,172,37,0.22
1032,2017-03-06,2017-07-17,20,172,36,0.21
1033,2017-03-06,2017-07-24,21,172,35,0.2
1034,2017-03-06,2017-07-31,22,172,32,0.19
1035,2017-03-06,2017-08-07,23,172,32,0.19
1036,2017-03-06,2017-08-14,24,172,30,0.17
1037,2017-03-06,2017-08-21,25,172,33,0.19
1038,2017-03-06,2017-08-28,26,172,33,0.19
1039,2017-03-06,2017-09-04,27,172,30,0.17
1040,2017-03-06,2017-09-11,28,172,27,0.16
1041,2017-03-06,2017-09-18,29,172,26,0.15
1042,2017-03-06,2017-09-25,30,172,24,0.14
1043,2017-03-06,2017-10-02,31,172,22,0.13
1044,2017-03-06,2017-10-09,32,172,22,0.13
1045,2017-03-06,2017-10-16,33,172,21,0.12
1046,2017-03-06,2017-10-23,34,172,20,0.12
1047,2017-03-06,2017-10-30,35,172,19,0.11
1048,2017-03-06,2017-11-06,36,172,19,0.11
1049,2017-03-06,2017-11-13,37,172,19,0.11
1050,2017-03-06,2017-11-20,38,172,18,0.1
1051,2017-03-06,2017-11-27,39,172,18,0.1
1052,2017-03-06,2017-12-04,40,172,17,0.1
1053,2017-03-06,2017-12-11,41,172,16,0.09
1054,2017-03-06,2017-12-18,42,172,16,0.09
1055,2017-03-06,2017-12-25,43,172,17,0.1
1056,2017-03-06,2018-01-01,44,172,18,0.1
1057,2017-03-06,2018-01-08,45,172,16,0.09
1058,2017-03-06,2018-01-15,46,172,16,0.09
1059,2017-03-06,2018-01-22,47,172,15,0.09
1060,2017-03-06,2018-01-29,48,172,14,0.08
1061,2017-03-06,2018-02-05,49,172,13,0.08
1062,2017-03-06,2018-02-12,50,172,14,0.08
1063,2017-03-06,2018-02-19,51,172,12,0.07
1064,2017-03-06,2018-02-26,52,172,10,0.06
1065,2017-03-06,2018-03-05,53,172,10,0.06
1066,2017-03-06,2018-03-12,54,172,10,0.06
1067,2017-03-06,2018-03-19,55,172,11,0.06
1068,2017-03-06,2018-03-26,56,172,11,0.06
1069,2017-03-06,2018-04-02,57,172,11,0.06
1070,2017-03-06,2018-04-09,58,172,10,0.06
1071,2017-03-06,2018-04-16,59,172,9,0.05
1072,2017-03-06,2018-04-23,60,172,9,0.05
1073,2017-03-06,2018-04-30,61,172,9,0.05
1074,2017-03-06,2018-05-07,62,172,9,0.05
1075,2017-03-06,2018-05-14,63,172,9,0.05
1076,2017-03-06,2018-05-21,64,172,8,0.05
1077,2017-03-06,2018-05-28,65,172,9,0.05
1078,2017-03-06,2018-06-04,66,172,9,0.05
1079,2017-03-06,2018-06-11,67,172,9,0.05
1080,2017-03-06,2018-06-18,68,172,8,0.05
1081,2017-03-06,2018-06-25,69,172,7,0.04
1082,2017-03-06,2018-07-02,70,172,7,0.04
1083,2017-03-06,2018-07-09,71,172,7,0.04
1084,2017-03-06,2018-07-16,72,172,5,0.03
1085,2017-03-06,2018-07-23,73,172,5,0.03
1086,2017-03-06,2018-07-30,74,172,5,0.03
1087,2017-03-06,2018-08-06,75,172,5,0.03
1088,2017-03-06,2018-08-13,76,172,5,0.03
1089,2017-03-06,2018-08-20,77,172,5,0.03
1090,2017-03-06,2018-08-27,78,172,3,0.02
1091,2017-03-06,2018-09-03,79,172,3,0.02
1092,2017-03-06,2018-09-10,80,172,3,0.02
1093,2017-03-06,2018-09-17,81,172,2,0.01
1094,2017-03-06,2018-09-24,82,172,2,0.01
1095,2017-03-06,2018-10-01,83,172,2,0.01
1096,2017-03-06,2018-10-22,84,172,1,0.01
1097,2017-03-06,2018-10-29,85,172,2,0.01
1098,2017-03-06,2018-11-05,86,172,1,0.01
1099,2017-03-06,2018-11-12,87,172,1,0.01
1100,2017-03-06,2018-11-19,88,172,1,0.01
1101,2017-03-06,2018-11-26,89,172,2,0.01
1102,2017-03-06,2018-12-03,90,172,2,0.01
1103,2017-03-06,2018-12-10,91,172,1,0.01
1104,2017-03-06,2018-12-17,92,172,1,0.01
1105,2017-03-06,2018-12-24,93,172,1,0.01
1106,2017-03-06,2018-12-31,94,172,2,0.01
1107,2017-03-06,2019-01-07,95,172,2,0.01
1108,2017-03-06,2019-01-14,96,172,2,0.01
1109,2017-03-06,2019-01-21,97,172,2,0.01
1110,2017-03-06,2019-01-28,98,172,2,0.01
1111,2017-03-06,2019-02-04,99,172,1,0.01
1112,2017-03-06,2019-02-11,100,172,1,0.01
1113,2017-03-06,2019-02-18,101,172,1,0.01
1114,2017-03-06,2019-02-25,102,172,1,0.01
1115,2017-03-06,2019-03-04,103,172,1,0.01
1116,2017-03-06,2019-03-11,104,172,1,0.01
1117,2017-03-06,2019-03-18,105,172,1,0.01
1118,2017-03-13,2017-03-13,1,278,270,0.97
1119,2017-03-13,2017-03-20,2,278,244,0.88
1120,2017-03-13,2017-03-27,3,278,190,0.68
1121,2017-03-13,2017-04-03,4,278,167,0.6
1122,2017-03-13,2017-04-10,5,278,145,0.52
1123,2017-03-13,2017-04-17,6,278,134,0.48
1124,2017-03-13,2017-04-24,7,278,130,0.47
1125,2017-03-13,2017-05-01,8,278,119,0.43
1126,2017-03-13,2017-05-08,9,278,106,0.38
1127,2017-03-13,2017-05-15,10,278,99,0.36
1128,2017-03-13,2017-05-22,11,278,87,0.31
1129,2017-03-13,2017-05-29,12,278,81,0.29
1130,2017-03-13,2017-06-05,13,278,73,0.26
1131,2017-03-13,2017-06-12,14,278,66,0.24
1132,2017-03-13,2017-06-19,15,278,62,0.22
1133,2017-03-13,2017-06-26,16,278,56,0.2
1134,2017-03-13,2017-07-03,17,278,55,0.2
1135,2017-03-13,2017-07-10,18,278,50,0.18
1136,2017-03-13,2017-07-17,19,278,46,0.17
1137,2017-03-13,2017-07-24,20,278,42,0.15
1138,2017-03-13,2017-07-31,21,278,42,0.15
1139,2017-03-13,2017-08-07,22,278,39,0.14
1140,2017-03-13,2017-08-14,23,278,36,0.13
1141,2017-03-13,2017-08-21,24,278,36,0.13
1142,2017-03-13,2017-08-28,25,278,35,0.13
1143,2017-03-13,2017-09-04,26,278,32,0.12
1144,2017-03-13,2017-09-11,27,278,28,0.1
1145,2017-03-13,2017-09-18,28,278,26,0.09
1146,2017-03-13,2017-09-25,29,278,26,0.09
1147,2017-03-13,2017-10-02,30,278,24,0.09
1148,2017-03-13,2017-10-09,31,278,23,0.08
1149,2017-03-13,2017-10-16,32,278,24,0.09
1150,2017-03-13,2017-10-23,33,278,24,0.09
1151,2017-03-13,2017-10-30,34,278,24,0.09
1152,2017-03-13,2017-11-06,35,278,23,0.08
1153,2017-03-13,2017-11-13,36,278,23,0.08
1154,2017-03-13,2017-11-20,37,278,21,0.08
1155,2017-03-13,2017-11-27,38,278,20,0.07
1156,2017-03-13,2017-12-04,39,278,18,0.06
1157,2017-03-13,2017-12-11,40,278,17,0.06
1158,2017-03-13,2017-12-18,41,278,16,0.06
1159,2017-03-13,2017-12-25,42,278,16,0.06
1160,2017-03-13,2018-01-01,43,278,17,0.06
1161,2017-03-13,2018-01-08,44,278,17,0.06
1162,2017-03-13,2018-01-15,45,278,14,0.05
1163,2017-03-13,2018-01-22,46,278,12,0.04
1164,2017-03-13,2018-01-29,47,278,12,0.04
1165,2017-03-13,2018-02-05,48,278,13,0.05
1166,2017-03-13,2018-02-12,49,278,13,0.05
1167,2017-03-13,2018-02-19,50,278,14,0.05
1168,2017-03-13,2018-02-26,51,278,12,0.04
1169,2017-03-13,2018-03-05,52,278,14,0.05
1170,2017-03-13,2018-03-12,53,278,13,0.05
1171,2017-03-13,2018-03-19,54,278,13,0.05
1172,2017-03-13,2018-03-26,55,278,12,0.04
1173,2017-03-13,2018-04-02,56,278,11,0.04
1174,2017-03-13,2018-04-09,57,278,11,0.04
1175,2017-03-13,2018-04-16,58,278,11,0.04
1176,2017-03-13,2018-04-23,59,278,11,0.04
1177,2017-03-13,2018-04-30,60,278,11,0.04
1178,2017-03-13,2018-05-07,61,278,11,0.04
1179,2017-03-13,2018-05-14,62,278,10,0.04
1180,2017-03-13,2018-05-21,63,278,9,0.03
1181,2017-03-13,2018-05-28,64,278,9,0.03
1182,2017-03-13,2018-06-04,65,278,9,0.03
1183,2017-03-13,2018-06-11,66,278,9,0.03
1184,2017-03-13,2018-06-18,67,278,9,0.03
1185,2017-03-13,2018-06-25,68,278,7,0.03
1186,2017-03-13,2018-07-02,69,278,6,0.02
1187,2017-03-13,2018-07-09,70,278,6,0.02
1188,2017-03-13,2018-07-16,71,278,6,0.02
1189,2017-03-13,2018-07-23,72,278,6,0.02
1190,2017-03-13,2018-07-30,73,278,6,0.02
1191,2017-03-13,2018-08-06,74,278,5,0.02
1192,2017-03-13,2018-08-13,75,278,5,0.02
1193,2017-03-13,2018-08-20,76,278,3,0.01
1194,2017-03-13,2018-08-27,77,278,1,0.0
1195,2017-03-13,2018-09-03,78,278,1,0.0
1196,2017-03-13,2018-09-10,79,278,1,0.0
1197,2017-03-13,2018-09-17,80,278,1,0.0
1198,2017-03-13,2018-09-24,81,278,2,0.01
1199,2017-03-13,2018-10-01,82,278,2,0.01
1200,2017-03-13,2018-10-08,83,278,1,0.0
1201,2017-03-13,2018-10-15,84,278,3,0.01
1202,2017-03-13,2018-10-22,85,278,3,0.01
1203,2017-03-13,2018-10-29,86,278,3,0.01
1204,2017-03-13,2018-11-05,87,278,3,0.01
1205,2017-03-13,2018-11-12,88,278,3,0.01
1206,2017-03-13,2018-11-19,89,278,1,0.0
1207,2017-03-13,2019-01-28,90,278,1,0.0
1208,2017-03-13,2019-02-04,91,278,1,0.0
1209,2017-03-20,2017-03-20,1,325,318,0.98
1210,2017-03-20,2017-03-27,2,325,300,0.92
1211,2017-03-20,2017-04-03,3,325,259,0.8
1212,2017-03-20,2017-04-10,4,325,224,0.69
1213,2017-03-20,2017-04-17,5,325,191,0.59
1214,2017-03-20,2017-04-24,6,325,169,0.52
1215,2017-03-20,2017-05-01,7,325,154,0.47
1216,2017-03-20,2017-05-08,8,325,137,0.42
1217,2017-03-20,2017-05-15,9,325,131,0.4
1218,2017-03-20,2017-05-22,10,325,114,0.35
1219,2017-03-20,2017-05-29,11,325,110,0.34
1220,2017-03-20,2017-06-05,12,325,104,0.32
1221,2017-03-20,2017-06-12,13,325,93,0.29
1222,2017-03-20,2017-06-19,14,325,85,0.26
1223,2017-03-20,2017-06-26,15,325,80,0.25
1224,2017-03-20,2017-07-03,16,325,77,0.24
1225,2017-03-20,2017-07-10,17,325,74,0.23
1226,2017-03-20,2017-07-17,18,325,68,0.21
1227,2017-03-20,2017-07-24,19,325,64,0.2
1228,2017-03-20,2017-07-31,20,325,63,0.19
1229,2017-03-20,2017-08-07,21,325,61,0.19
1230,2017-03-20,2017-08-14,22,325,60,0.18
1231,2017-03-20,2017-08-21,23,325,59,0.18
1232,2017-03-20,2017-08-28,24,325,54,0.17
1233,2017-03-20,2017-09-04,25,325,51,0.16
1234,2017-03-20,2017-09-11,26,325,46,0.14
1235,2017-03-20,2017-09-18,27,325,43,0.13
1236,2017-03-20,2017-09-25,28,325,40,0.12
1237,2017-03-20,2017-10-02,29,325,38,0.12
1238,2017-03-20,2017-10-09,30,325,36,0.11
1239,2017-03-20,2017-10-16,31,325,33,0.1
1240,2017-03-20,2017-10-23,32,325,33,0.1
1241,2017-03-20,2017-10-30,33,325,31,0.1
1242,2017-03-20,2017-11-06,34,325,29,0.09
1243,2017-03-20,2017-11-13,35,325,28,0.09
1244,2017-03-20,2017-11-20,36,325,26,0.08
1245,2017-03-20,2017-11-27,37,325,25,0.08
1246,2017-03-20,2017-12-04,38,325,24,0.07
1247,2017-03-20,2017-12-11,39,325,24,0.07
1248,2017-03-20,2017-12-18,40,325,22,0.07
1249,2017-03-20,2017-12-25,41,325,23,0.07
1250,2017-03-20,2018-01-01,42,325,20,0.06
1251,2017-03-20,2018-01-08,43,325,20,0.06
1252,2017-03-20,2018-01-15,44,325,21,0.06
1253,2017-03-20,2018-01-22,45,325,20,0.06
1254,2017-03-20,2018-01-29,46,325,16,0.05
1255,2017-03-20,2018-02-05,47,325,18,0.06
1256,2017-03-20,2018-02-12,48,325,17,0.05
1257,2017-03-20,2018-02-19,49,325,20,0.06
1258,2017-03-20,2018-02-26,50,325,18,0.06
1259,2017-03-20,2018-03-05,51,325,15,0.05
1260,2017-03-20,2018-03-12,52,325,17,0.05
1261,2017-03-20,2018-03-19,53,325,17,0.05
1262,2017-03-20,2018-03-26,54,325,17,0.05
1263,2017-03-20,2018-04-02,55,325,20,0.06
1264,2017-03-20,2018-04-09,56,325,18,0.06
1265,2017-03-20,2018-04-16,57,325,14,0.04
1266,2017-03-20,2018-04-23,58,325,14,0.04
1267,2017-03-20,2018-04-30,59,325,14,0.04
1268,2017-03-20,2018-05-07,60,325,13,0.04
1269,2017-03-20,2018-05-14,61,325,13,0.04
1270,2017-03-20,2018-05-21,62,325,13,0.04
1271,2017-03-20,2018-05-28,63,325,12,0.04
1272,2017-03-20,2018-06-04,64,325,13,0.04
1273,2017-03-20,2018-06-11,65,325,13,0.04
1274,2017-03-20,2018-06-18,66,325,13,0.04
1275,2017-03-20,2018-06-25,67,325,11,0.03
1276,2017-03-20,2018-07-02,68,325,11,0.03
1277,2017-03-20,2018-07-09,69,325,11,0.03
1278,2017-03-20,2018-07-16,70,325,9,0.03
1279,2017-03-20,2018-07-23,71,325,9,0.03
1280,2017-03-20,2018-07-30,72,325,8,0.02
1281,2017-03-20,2018-08-06,73,325,7,0.02
1282,2017-03-20,2018-08-13,74,325,6,0.02
1283,2017-03-20,2018-08-20,75,325,4,0.01
1284,2017-03-20,2018-08-27,76,325,6,0.02
1285,2017-03-20,2018-09-03,77,325,6,0.02
1286,2017-03-20,2018-09-10,78,325,7,0.02
1287,2017-03-20,2018-09-17,79,325,7,0.02
1288,2017-03-20,2018-09-24,80,325,6,0.02
1289,2017-03-20,2018-10-01,81,325,5,0.02
1290,2017-03-20,2018-10-08,82,325,6,0.02
1291,2017-03-20,2018-10-15,83,325,5,0.02
1292,2017-03-20,2018-10-22,84,325,4,0.01
1293,2017-03-20,2018-10-29,85,325,4,0.01
1294,2017-03-20,2018-11-05,86,325,2,0.01
1295,2017-03-20,2018-11-12,87,325,3,0.01
1296,2017-03-20,2018-11-19,88,325,2,0.01
1297,2017-03-20,2018-11-26,89,325,2,0.01
1298,2017-03-20,2018-12-03,90,325,2,0.01
1299,2017-03-20,2018-12-31,91,325,1,0.0
1300,2017-03-20,2019-01-07,92,325,1,0.0
1301,2017-03-20,2019-01-14,93,325,1,0.0
1302,2017-03-20,2019-01-21,94,325,1,0.0
1303,2017-03-20,2019-02-11,95,325,1,0.0
1304,2017-03-20,2019-03-11,96,325,1,0.0
1305,2017-03-20,2019-03-18,97,325,1,0.0
1306,2017-03-20,2019-03-25,98,325,1,0.0
1307,2017-03-27,2017-03-27,1,298,294,0.99
1308,2017-03-27,2017-04-03,2,298,269,0.9
1309,2017-03-27,2017-04-10,3,298,236,0.79
1310,2017-03-27,2017-04-17,4,298,198,0.66
1311,2017-03-27,2017-04-24,5,298,180,0.6
1312,2017-03-27,2017-05-01,6,298,171,0.57
1313,2017-03-27,2017-05-08,7,298,150,0.5
1314,2017-03-27,2017-05-15,8,298,134,0.45
1315,2017-03-27,2017-05-22,9,298,130,0.44
1316,2017-03-27,2017-05-29,10,298,115,0.39
1317,2017-03-27,2017-06-05,11,298,105,0.35
1318,2017-03-27,2017-06-12,12,298,92,0.31
1319,2017-03-27,2017-06-19,13,298,86,0.29
1320,2017-03-27,2017-06-26,14,298,81,0.27
1321,2017-03-27,2017-07-03,15,298,79,0.27
1322,2017-03-27,2017-07-10,16,298,74,0.25
1323,2017-03-27,2017-07-17,17,298,73,0.24
1324,2017-03-27,2017-07-24,18,298,69,0.23
1325,2017-03-27,2017-07-31,19,298,65,0.22
1326,2017-03-27,2017-08-07,20,298,66,0.22
1327,2017-03-27,2017-08-14,21,298,62,0.21
1328,2017-03-27,2017-08-21,22,298,62,0.21
1329,2017-03-27,2017-08-28,23,298,59,0.2
1330,2017-03-27,2017-09-04,24,298,59,0.2
1331,2017-03-27,2017-09-11,25,298,57,0.19
1332,2017-03-27,2017-09-18,26,298,50,0.17
1333,2017-03-27,2017-09-25,27,298,47,0.16
1334,2017-03-27,2017-10-02,28,298,48,0.16
1335,2017-03-27,2017-10-09,29,298,45,0.15
1336,2017-03-27,2017-10-16,30,298,45,0.15
1337,2017-03-27,2017-10-23,31,298,42,0.14
1338,2017-03-27,2017-10-30,32,298,38,0.13
1339,2017-03-27,2017-11-06,33,298,39,0.13
1340,2017-03-27,2017-11-13,34,298,36,0.12
1341,2017-03-27,2017-11-20,35,298,35,0.12
1342,2017-03-27,2017-11-27,36,298,33,0.11
1343,2017-03-27,2017-12-04,37,298,31,0.1
1344,2017-03-27,2017-12-11,38,298,28,0.09
1345,2017-03-27,2017-12-18,39,298,26,0.09
1346,2017-03-27,2017-12-25,40,298,25,0.08
1347,2017-03-27,2018-01-01,41,298,26,0.09
1348,2017-03-27,2018-01-08,42,298,26,0.09
1349,2017-03-27,2018-01-15,43,298,25,0.08
1350,2017-03-27,2018-01-22,44,298,23,0.08
1351,2017-03-27,2018-01-29,45,298,19,0.06
1352,2017-03-27,2018-02-05,46,298,18,0.06
1353,2017-03-27,2018-02-12,47,298,18,0.06
1354,2017-03-27,2018-02-19,48,298,18,0.06
1355,2017-03-27,2018-02-26,49,298,17,0.06
1356,2017-03-27,2018-03-05,50,298,19,0.06
1357,2017-03-27,2018-03-12,51,298,18,0.06
1358,2017-03-27,2018-03-19,52,298,18,0.06
1359,2017-03-27,2018-03-26,53,298,19,0.06
1360,2017-03-27,2018-04-02,54,298,18,0.06
1361,2017-03-27,2018-04-09,55,298,16,0.05
1362,2017-03-27,2018-04-16,56,298,15,0.05
1363,2017-03-27,2018-04-23,57,298,15,0.05
1364,2017-03-27,2018-04-30,58,298,13,0.04
1365,2017-03-27,2018-05-07,59,298,12,0.04
1366,2017-03-27,2018-05-14,60,298,13,0.04
1367,2017-03-27,2018-05-21,61,298,12,0.04
1368,2017-03-27,2018-05-28,62,298,13,0.04
1369,2017-03-27,2018-06-04,63,298,13,0.04
1370,2017-03-27,2018-06-11,64,298,13,0.04
1371,2017-03-27,2018-06-18,65,298,13,0.04
1372,2017-03-27,2018-06-25,66,298,13,0.04
1373,2017-03-27,2018-07-02,67,298,12,0.04
1374,2017-03-27,2018-07-09,68,298,12,0.04
1375,2017-03-27,2018-07-16,69,298,12,0.04
1376,2017-03-27,2018-07-23,70,298,12,0.04
1377,2017-03-27,2018-07-30,71,298,12,0.04
1378,2017-03-27,2018-08-06,72,298,11,0.04
1379,2017-03-27,2018-08-13,73,298,10,0.03
1380,2017-03-27,2018-08-20,74,298,10,0.03
1381,2017-03-27,2018-08-27,75,298,6,0.02
1382,2017-03-27,2018-09-03,76,298,6,0.02
1383,2017-03-27,2018-09-10,77,298,6,0.02
1384,2017-03-27,2018-09-17,78,298,5,0.02
1385,2017-03-27,2018-09-24,79,298,6,0.02
1386,2017-03-27,2018-10-01,80,298,6,0.02
1387,2017-03-27,2018-10-08,81,298,5,0.02
1388,2017-03-27,2018-10-15,82,298,5,0.02
1389,2017-03-27,2018-10-22,83,298,5,0.02
1390,2017-03-27,2018-10-29,84,298,5,0.02
1391,2017-03-27,2018-11-05,85,298,5,0.02
1392,2017-03-27,2018-11-12,86,298,5,0.02
1393,2017-03-27,2018-11-19,87,298,5,0.02
1394,2017-03-27,2018-11-26,88,298,4,0.01
1395,2017-03-27,2018-12-03,89,298,2,0.01
1396,2017-03-27,2018-12-10,90,298,2,0.01
1397,2017-03-27,2018-12-17,91,298,2,0.01
1398,2017-03-27,2018-12-24,92,298,2,0.01
1399,2017-03-27,2018-12-31,93,298,2,0.01
1400,2017-03-27,2019-01-07,94,298,2,0.01
1401,2017-03-27,2019-01-14,95,298,2,0.01
1402,2017-03-27,2019-01-21,96,298,2,0.01
1403,2017-03-27,2019-01-28,97,298,2,0.01
1404,2017-03-27,2019-02-04,98,298,2,0.01
1405,2017-03-27,2019-02-11,99,298,2,0.01
1406,2017-03-27,2019-02-18,100,298,2,0.01
1407,2017-03-27,2019-02-25,101,298,1,0.0
1408,2017-03-27,2019-03-04,102,298,1,0.0
1409,2017-03-27,2019-03-11,103,298,1,0.0
1410,2017-03-27,2019-03-18,104,298,1,0.0
